{
    "loss": 4.014603614807129,
    "accuracy": 0.6764839291572571
}