{
    "loss": 31.489639282226562,
    "accuracy": 0.690077006816864
}